elevator_id,ts_ms,ts,Ax,Ay,Az,Gx,Gy,Gz,vx,vy,vz,ax,ay,az,t,sx,sy,sz,fx,fy,fz
elevator-001,1773305219891,2026-03-12 16:46:59.891,0.02001953125,-0.01123046875,-0.970703125,-0.1220703125,0.732421875,0.6103515625,0,0,0,0.0,0.0,0.0,26.07,0,0,0,0,0,0
