sample_idx,ts_ms,data_ts_ms,data_age_ms,is_new_frame,Ax,Ay,Az,Gx,Gy,Gz,vx,vy,vz,ax,ay,az,t,sx,sy,sz,fx,fy,fz
0,1772698593195,1772698593193,2,1,0.01318359375,-0.00390625,-0.966796875,-0.244140625,0.732421875,0.79345703125,0,0,0,0.0,0.0,0.0,28.72,0,0,0,0,0,0
1,1772698596145,1772698596137,8,1,0.3720703125,0.20947265625,-0.87548828125,3.60107421875,26.18408203125,4.21142578125,1,1,1,0.010986328125,0.010986328125,0.010986328125,28.59,12,16,4,8,8,5
2,1772698596557,1772698596557,0,1,0.51025390625,0.259765625,-0.73486328125,-0.18310546875,-30.8837890625,-2.01416015625,0,8,2,0.2911376953125,0.164794921875,0.0164794921875,28.28,36,140,32,9,8,10
3,1772698600378,1772698600370,8,1,1.03076171875,-0.16162109375,0.22412109375,0.42724609375,47.9736328125,-31.494140625,5,2,4,0.0274658203125,0.098876953125,0.1483154296875,28.65,41,45,24,7,10,5
4,1772698603280,1772698603277,3,1,-0.01416015625,-0.31640625,-1.0244140625,-185.48583984375,-267.578125,61.6455078125,29,8,8,1.4776611328125,2.6861572265625,0.41748046875,28.28,456,128,260,9,8,9
