elevator_id,ts_ms,ts,data_ts_ms,data_age_ms,is_new_frame,Ax,Ay,Az,Gx,Gy,Gz,vx,vy,vz,ax,ay,az,t,sx,sy,sz,fx,fy,fz,A_mag,G_mag
elevator-001,1772504138437,2026-03-03 10:15:38.437,1772504138436,1,1,-0.7685546875,0.630859375,0.01123046875,-0.30517578125,0.79345703125,0.8544921875,0,0,0,0.0,0.0,0.0,25.12,0,0,0,0,0,0,0.9943771830306436,1.2053477574543152
