elevator_id,ts_ms,ts,data_ts_ms,data_age_ms,is_new_frame,Ax,Ay,Az,Gx,Gy,Gz,vx,vy,vz,ax,ay,az,t,sx,sy,sz,fx,fy,fz,A_mag,G_mag
elevator-001,1772506507115,2026-03-03 10:55:07.115,1772506507114,1,1,-0.7763671875,0.61474609375,0.01611328125,-0.244140625,0.79345703125,0.8544921875,0,0,0,0.0,0.0,0.0,24.17,0,1,2,15,18,10,0.9904132508403679,1.1913587216762167
