elevator_id,ts_ms,ts,data_ts_ms,data_age_ms,is_new_frame,Ax,Ay,Az,Gx,Gy,Gz,vx,vy,vz,ax,ay,az,t,sx,sy,sz,fx,fy,fz,A_mag,G_mag
elevator-001,1772505417110,2026-03-03 10:36:57.110,1772505417099,11,1,-0.77197265625,0.63232421875,0.0126953125,-0.48828125,0.91552734375,0.8544921875,0,0,0,0.0,0.0,0.0,23.73,0,0,0,0,0,0,0.9979663674568152,1.3441598843716578
